model,concurrency,requests_total,requests_successful,requests_failed,success_rate_pct,avg_latency_s,p95_latency_s,total_test_time_s,throughput_requests_per_min
Granite-8B-AWQ,1,1,1,0,100.0,37.1644,37.1644,37.1652,1.61
Granite-8B-AWQ,3,3,3,0,100.0,79.4999,85.3965,86.2324,2.09
Granite-8B-AWQ,5,5,5,0,100.0,125.9232,130.6284,130.907,2.29
Granite-8B-AWQ,7,7,7,0,100.0,168.9399,176.9691,177.3486,2.37
Granite-8B-AWQ,9,9,9,0,100.0,189.384,206.1173,206.1215,2.62
Granite-8B-AWQ,11,11,11,0,100.0,232.0819,249.6556,251.2973,2.63
Granite-8B-AWQ,13,13,13,0,100.0,306.9067,318.6857,319.787,2.44
Granite-8B-AWQ,15,15,15,0,100.0,287.8456,302.2352,303.8126,2.96
Qwen-4B-AWQ,1,1,1,0,100.0,13.5729,13.5729,13.5737,4.42
Qwen-4B-AWQ,3,3,3,0,100.0,21.9528,23.2879,23.417,7.69
Qwen-4B-AWQ,5,5,5,0,100.0,26.5845,30.2172,30.366,9.88
Qwen-4B-AWQ,7,7,7,0,100.0,31.4107,36.0157,36.8287,11.4
Qwen-4B-AWQ,9,9,9,0,100.0,40.4405,46.6305,47.3491,11.4
Qwen-4B-AWQ,11,11,11,0,100.0,46.6438,53.0717,53.5364,12.33
Qwen-4B-AWQ,13,13,13,0,100.0,58.7454,64.3177,67.5127,11.55
Qwen-4B-AWQ,15,15,15,0,100.0,64.2347,69.8201,70.5535,12.76
Granite-8B-AWQ,17,17,17,0,100.0,342.117,360.2162,362.2164,2.82
Qwen-4B-AWQ,17,17,17,0,100.0,73.746,79.3321,80.7469,12.63
Granite-8B-AWQ,20,20,20,0,100.0,427.0236,443.0976,445.5478,2.69
Granite-8B-AWQ,25,25,25,0,100.0,576.5073,604.832,607.445,2.47
Qwen-4B-AWQ,20,20,20,0,100.0,83.6616,92.0431,93.1343,12.88
Qwen-4B-AWQ,25,25,25,0,100.0,111.9444,117.0619,117.4194,12.77
Qwen-4B-AWQ,30,30,30,0,100.0,135.7297,144.8501,146.3061,12.3
Qwen-4B-AWQ,35,35,35,0,100.0,160.4297,170.8813,171.2207,12.26
Qwen-4B-AWQ,40,40,40,0,100.0,177.3131,187.7572,188.8359,12.71
